# Banc energie — ESP32-S3 N16R8, 16 MB flash.
# Copie a l'identique de ffp5cs/config/partitions/partitions_esp32_s3_test.csv
# (profil S3 du module d'aquaponie) : le banc et ffp5cs partagent la meme
# disposition flash, on peut passer de l'un a l'autre en USB sans re-partitionner
# et sans ecraser la partition de donnees. Images OTA <= 0x6F0000 (app1).
# Name,   Type, SubType, Offset,  Size, Flags
nvs,      data, nvs,     0x9000,  0x5000
otadata,  data, ota,     0xE000,  0x2000
app0,     app,  ota_0,   0x10000, 0x6F8000
app1,     app,  ota_1,   0x710000, 0x6F0000
spiffs,   data, spiffs, 0xE00000, 0x200000
