S/N,Designator,Quantity,Manufacturer Part Number,Footprint,Comment,Procurement Type,Customer Note
1,A1,1,ESP32 DevKit V1,ESP32_DevKit_V1_30pin,ESP32 DevKit V1,C,preview: no LCSC — customer supply / placeholder
2,A2,1,ESP32-S3-DevKitC-1,ESP32_S3_DevKitC_1_44pin,ESP32-S3-DevKitC-1,C,preview: no LCSC — customer supply / placeholder
3,C1,1,1000u/16V,CP_Radial_D10.0mm_P5.00mm,1000u/16V,C,preview: no LCSC — customer supply / placeholder
4,"C10,C13,C3,C4,C6,C7,C8,C9",8,100n,C_Disc_D5.0mm_W2.5mm_P5.00mm,100n,C,preview: no LCSC — customer supply / placeholder
5,C11,1,10u/25V,CP_Radial_D5.0mm_P2.50mm,10u/25V,C,preview: no LCSC — customer supply / placeholder
6,C12,1,100u/16V,CP_Radial_D6.3mm_P2.50mm,100u/16V,C,preview: no LCSC — customer supply / placeholder
7,C2,1,470u/16V,CP_Radial_D8.0mm_P3.50mm,470u/16V,C,preview: no LCSC — customer supply / placeholder
8,C5,1,470u/25V,CP_Radial_D10.0mm_P5.00mm,470u/25V,C,preview: no LCSC — customer supply / placeholder
9,"D1,D2,D3,D4,D6,D7",6,C2457,D_DO-41_SOD81_P10.16mm_Horizontal,1N4007,,
10,D11,1,BAT85,D_DO-35_SOD-123_Dual_P7.62mm,BAT85,C,preview: no LCSC — customer supply / placeholder
11,D12,1,C412500,D_DO-201AD_P15.24mm_Horizontal,1.5KE6.8A,,
12,D5,1,C2476,D_DO-201AD_P15.24mm_Horizontal,1N5822,,
13,D8,1,C1666858,D_DO-201AD_P15.24mm_Horizontal,1.5KE18A,,
14,D9,1,C238928,D_DO-41_SOD81_P5.08mm_Vertical_AnodeUp,1N4744A,,
15,F1,1,"Porte-fusible 5x20 à capot, pas 22,0 à 22,6 mm",se soude sur Fuse_5x20_Universal (fentes 3 mm),"Porte-fusible 5x20 à capot, pas 22,0 à 22,6 mm",C,preview: no LCSC — customer supply / placeholder
16,"J1,J12,J18,J19,J25,J26,J27,J36,J37",9,Bornier_5.08,TerminalBlock_bornier-2_P5.08mm,Bornier_5.08,C,preview: no LCSC — customer supply / placeholder
17,"J10,J11,J23,J24,J29,J3,J30,J31,J32,J33,J34,J4,J5,J6",14,Bornier_5.08,TerminalBlock_bornier-3_P5.08mm,Bornier_5.08,C,preview: no LCSC — customer supply / placeholder
18,J13,1,Support OLED,PinSocket_1x04_P2.54mm_Vertical,Support OLED,C,preview: no LCSC — customer supply / placeholder
19,J14,1,Support I2C ext,PinSocket_1x04_P2.54mm_Vertical,Support I2C ext,C,preview: no LCSC — customer supply / placeholder
20,"J15,J16",2,Header servo,PinHeader_1x03_P2.54mm_Vertical,Header servo,C,preview: no LCSC — customer supply / placeholder
21,J17,1,Header service,PinHeader_1x06_P2.54mm_Vertical,Header service,C,preview: no LCSC — customer supply / placeholder
22,J2,1,Jack 5.5/2.1,BarrelJack_Horizontal,Jack 5.5/2.1,C,preview: no LCSC — customer supply / placeholder
23,J20,1,Header alim,PinHeader_1x06_P2.54mm_Vertical,Header alim,C,preview: no LCSC — customer supply / placeholder
24,"J21,J22,J28",3,Support I2C libre,PinSocket_1x04_P2.54mm_Vertical,Support I2C libre,C,preview: no LCSC — customer supply / placeholder
25,J35,1,Support module microSD,PinSocket_1x06_P2.54mm_Vertical,Support module microSD,C,preview: no LCSC — customer supply / placeholder
26,J38,1,Header CMD SENSE,PinHeader_1x08_P2.54mm_Vertical,Header CMD SENSE,C,preview: no LCSC — customer supply / placeholder
27,"J7,J8,J9",3,Bornier_5.08,TerminalBlock_bornier-4_P5.08mm,Bornier_5.08,C,preview: no LCSC — customer supply / placeholder
28,JP1,1,Jumper BYPASS,PinHeader_1x03_P2.54mm_Vertical,Jumper BYPASS,C,preview: no LCSC — customer supply / placeholder
29,"JP10,JP5,JP6,JP7,JP8,JP9",6,Jumper ON/OFF,PinHeader_1x03_P2.54mm_Vertical,Jumper ON/OFF,C,preview: no LCSC — customer supply / placeholder
30,JP11,1,Jumper SD MISO,PinHeader_1x03_P2.54mm_Vertical,Jumper SD MISO,C,preview: no LCSC — customer supply / placeholder
31,JP12,1,Jumper profil,PinHeader_1x03_P2.54mm_Vertical,Jumper profil,C,preview: no LCSC — customer supply / placeholder
32,"JP13,JP14,JP15,JP16,JP17,JP18,JP19,JP20,JP21",9,Jumper profil,PinHeader_1x02_P2.54mm_Vertical,Jumper profil,C,preview: no LCSC — customer supply / placeholder
33,JP2,1,Jumper SD CS,PinHeader_1x03_P2.54mm_Vertical,Jumper SD CS,C,preview: no LCSC — customer supply / placeholder
34,JP3,1,Jumper SD SCK,PinHeader_1x03_P2.54mm_Vertical,Jumper SD SCK,C,preview: no LCSC — customer supply / placeholder
35,JP4,1,Jumper SD MOSI,PinHeader_1x03_P2.54mm_Vertical,Jumper SD MOSI,C,preview: no LCSC — customer supply / placeholder
36,"K1,K2,K3,K4,K5,K6",6,C35449,Relay_SPDT_SANYOU_SRD_Series_Form_C,SRD-05VDC-SL-C,,
37,"LED1,LED2,LED3,LED4,LED6,LED7",6,rouge,LED_D5.0mm,rouge,C,preview: no LCSC — customer supply / placeholder
38,LED5,1,verte,LED_D5.0mm,verte,C,preview: no LCSC — customer supply / placeholder
39,PS1,1,C465406,Converter_ACDC_Hi-Link_HLK-20Mxx,HLK-20M05,,
40,"Q1,Q2,Q3,Q4,Q5,Q6,Q8",7,C713611,TO-92_Inline_Wide_CBE,BC337-40,,
41,"Q11,Q12,Q7",3,C2564,TO-220-3_Vertical_GDS,IRF4905,,
42,"R1,R10,R11,R12,R13,R14,R15,R16,R2,R28,R3,R30,R31,R33,R34,R4,R49,R50,R51,R52,R53,R54,R61,R62,R64,R65,R66,R9",28,1k,R_Axial_DIN0207_L6.3mm_D2.5mm_P10.16mm_Horizontal,1k,C,preview: no LCSC — customer supply / placeholder
43,"R17,R18,R19",3,2k,R_Axial_DIN0207_L6.3mm_D2.5mm_P10.16mm_Horizontal,2k,C,preview: no LCSC — customer supply / placeholder
44,"R20,R21",2,220,R_Axial_DIN0207_L6.3mm_D2.5mm_P10.16mm_Horizontal,220,C,preview: no LCSC — customer supply / placeholder
45,"R23,R27,R29,R32,R43,R44,R45,R46,R47,R48,R5,R6,R7,R8",14,10k,R_Axial_DIN0207_L6.3mm_D2.5mm_P10.16mm_Horizontal,10k,C,preview: no LCSC — customer supply / placeholder
46,"R24,R25,R26",3,4.7k,R_Axial_DIN0207_L6.3mm_D2.5mm_P10.16mm_Horizontal,4.7k,C,preview: no LCSC — customer supply / placeholder
47,"R35,R38,R40,R57,R58",5,100k,R_Axial_DIN0207_L6.3mm_D2.5mm_P10.16mm_Horizontal,100k,C,preview: no LCSC — customer supply / placeholder
48,R39,1,22k,R_Axial_DIN0207_L6.3mm_D2.5mm_P10.16mm_Horizontal,22k,C,preview: no LCSC — customer supply / placeholder
49,RV1,1,C111188,RV_Disc_D15.5mm_W8mm_P7.5mm,14D471K,,
50,TP1,1,GND,TestPoint_THTPad_D2.0mm_Drill1.0mm,GND,C,preview: no LCSC — customer supply / placeholder
51,TP2,1,+5V,TestPoint_THTPad_D2.0mm_Drill1.0mm,+5V,C,preview: no LCSC — customer supply / placeholder
52,TP3,1,+3V3_SW,TestPoint_THTPad_D2.0mm_Drill1.0mm,+3V3_SW,C,preview: no LCSC — customer supply / placeholder
53,TP4,1,+3V3,TestPoint_THTPad_D2.0mm_Drill1.0mm,+3V3,C,preview: no LCSC — customer supply / placeholder
54,U1,1,C283467,TO-220-3_Vertical_LDO,LD1117V33,,
