Comment,Designator,Footprint,LCSC Part #
100u/25V apres Q11 — PROFIL (c) uniquement,C5,CP_Radial_D10.0mm_P5.00mm,
TVS 1.5KE18A bus 12V — PROFIL (c) uniquement,D8,D_DO-201AD_P15.24mm_Horizontal,C1666858
Zener 15V grille Q11 — PROFIL (c) uniquement,D9,D_DO-41_SOD81_P5.08mm_Vertical_AnodeUp,C238928
"Porte-fusible 5x20 a capot (BLX-A, pas 22,0) ou clips (pas 22,5) + cartouche T1A CERAMIQUE — PROFIL (d) SECTEUR UNIQUEMENT",F1,Fuse_5x20_Universal,C3131
Bornier BUS 12V (+/GND) — PROFIL (c) bus 12V ; inutile ailleurs,J26,TerminalBlock_bornier-2_P5.08mm,
"Bornier ENTREE SECTEUR 230V (1=N 2=L) — PROFIL (d) SECTEUR UNIQUEMENT, avec PS1/F1/RV1. NE PAS POSER sur une unite 5V, batterie 1S ou bus 12V",J27,TerminalBlock_bornier-2_P5.08mm,
Bornier sortie 12V protegee vers buck externe — PROFIL (c) uniquement,J36,TerminalBlock_bornier-2_P5.08mm,
Bornier sortie 12V protegee vers buck externe — PROFIL (c) uniquement,J37,TerminalBlock_bornier-2_P5.08mm,
IRF4905 anti-inversion bus 12V — PROFIL (c) uniquement,Q11,TO-220-3_Vertical_GDS,C2564
100k grille Q11 — PROFIL (c) uniquement,R40,R_Axial_DIN0207_L6.3mm_D2.5mm_P10.16mm_Horizontal,
"Varistance 14D471K/10D471K 300VAC (disque, pas 7,5 mm) — PROFIL (d) SECTEUR UNIQUEMENT, pose main avec PS1/J27/F1",RV1,RV_Disc_D15.5mm_W8mm_P7.5mm,C111188
